video_id,video_title,video_time,video_tag,video_views
3yL0klflL0M,Abs Workout to Get 11 Line Abs | 10 Min Hourglass Abs Workout At Home,658,"ab , ab workout , ab exercise , 11 ab , 11 ab workout , 11 ab workout woman , low ab workout , low ab workout , intense ab workout , 10 minute ab , flat belly exercise , flat belly workout , flat belly 30 day , ab workout program , ab program , workout , exercise , flat stomach , flat tummy , 10 min ab workout , 30 day ab challenge , 11 , 11 ab , 11 ab , ab , good ab , good ab workout , ab female , ab girl , chloe ting ab , ab , sexy ab",2845917
9g29dCXHOSI,Small Waist & Round Butt Workout | Hourglass Program at Home,967,"tiny waist , waist , hourglass , hourglass figure , booty , booty workout , butt , butt workout , booty band workout , resistance band workout , booty band exercise , booty exercise , ab butt workout , waist butt workout , tiny waist workout , round butt workout , bubble butt workout , butt workout , workout butt , ab workout , ab , ab butt , hourglass workout , hourglass exercise , grow butt , grow butt equipment , butt exercise , grow booty",2351001
ihYNJjykVIA,Mirror Workout - SNL,317,"snl , saturday night live , season 46 , snl 46 , snl host , nick jonas , nick jonas snl , mirror workout , mirror workout saturday night live , pete davidson , mikey day , heidi gardner , kate mckinnon , chris redd , workout mirror , workout instructor , black void , curse , witch , safeway , trap , , , episode 13 , live , york , comedy , sketch , funny , hilarious , late night , host , music , guest , laugh , impersonation , actor , musician , nick jona , jonas brother , kevin jonas , joe jonas",2171192
5_wW9MmSxq0,10 MIN LOVE DANCE WORKOUT - burn calories to Oldies Love Songs / Pamela Reif I No Equipment,632,"workout , training , ab , , tummy , stomach , exercise , , workout , equipment , sport , body fat , , lose weight , fit , healthy , strong , weight , bodyweight , pamela , muscle , , maddie , song , good mood , dance , choreography , happy , fun , chloe ting , quarantine , dancing , cardio , sweat , butt , booty , warm , beginner , easy , anf√§nger , burn calorie , jane fonda , 80 , music , disco , 90 , colour , chop daily , shake , squat , 70 , 2000s , oldie , throwback , romantic , abnehmen",1812396
72MQmD8Z9Zw,"6 MIN EVERYDAY STRETCH - for stiff muscles, flexibility & after your workout I Pamela Reif",463,"workout , training , ab , , flat , tummy , stomach , exercise , , workout , equipment , sport , body fat , lose weight , fit , healthy , strong , instagram , low ab , , kurz , keine , weight , bodyweight , pamela , muscle , , , beginner , leicht , easy , chloe ting , maddie , medium , corona , , quarantine , stretch , yoga , flexible , cooldown , workout , bed , sore , stiff , split , , quick , flexibility , stretching , hip , spine , sit , office , back , pain , desk , neck",1785123
k7nV8Gyn56o,10 MIN BEST OF HIIT - a compilation of the best parts of my HIIT workouts - INTENSE I Pamela Reif,635,"workout , training , ab , , flat , tummy , stomach , exercise , , workout , equipment , sport , body fat , , lose weight , fit , healthy , strong , instagram , keine , weight , , pamela , muscle , , , song , good mood , dance , happy , fun , bikini , summer , minute , chloe ting , quarantine , dancing , cardio , sweat , butt , booty , burn calorie , music , hip , marshall , gute laune , choreo , hiit , high intensity , burn , fat , calorie , happy sweat , 12min , , fat burn",1804485
G-O4KemrleI,Can We Survive BATMAN'S BILLIONAIRE WORKOUT? | Movie vs Reality,787,"buff dude , batman , batman workout , batman training , training montage , montage , batman movie , workout , training , movie , challenge , test , zack snyder justice league , zack snyder , justice league",1589715
S_gIr7FfWi4,Push Up Challenge That Will Change Your Life (30 DAYS RESULTS),473,"push , workout , chest workout",1762535
GtFO7P8sr0E,BED - Joel Corry x RAYE x David Guetta / BOXING WARM UP ROUTINE I Pamela Reif,188,"workout , training , ab , , flat , tummy , stomach , exercise , , workout , equipment , sport , body fat , lose weight , fit , healthy , strong , instagram , weight , pamela , muscle , , , maddie , song , good mood , dance , choreography , happy , fun , bikini , summer , minute , chloe ting , quarantine , dancing , cardio , butt , booty , warm , burn calorie , music , marshall , gute laune , choreo , , fitness blender , punch , box , arm , flabby , body , hiit , sweat , calorie",1370562
BCZjD3TBVJI,Hourglass Side Booty Workout | Hip Dips Workout - Hourglass Program,670,"tiny waist , waist , hourglass , hourglass figure , booty , booty workout , butt , butt workout , booty band workout , resistance band workout , booty band exercise , booty exercise , ab butt workout , waist butt workout , tiny waist workout , round butt workout , bubble butt workout , butt workout , workout butt , ab workout , ab , ab butt , hourglass workout , hourglass exercise , grow butt , grow butt equipment , butt exercise , grow booty",1346709
tC2PuvibB7w,Grow A Booty Workout | Grow Butt Not Legs - Hourglass Program,976,"toned leg , booty , booty workout , round booty workout , hourglass , hourglass workout , grow butt , butt workout , glute workout , grow glute , grow butt , grow booty , booty workout woman , leg butt , leg butt workout , slim thigh butt , slim thigh , booty exercise , grow booty , booty leg , leg booty , leg workout , leg booty workout , glute workout , glute workout woman , leg glute , 10 min glute",1320473
7T4Vy_ufszk,"10 Min Sexy Arms & Back Workout | Underarm, Side, Upper, Lower Back",672,"arm workout , arm exercise , stand arm exercise , arm workout woman , arm workout , arm workout equipment , arm workout equipment , arm exercise woman , arm exercise beginner , arm exercise beginner , low intensity workout , upper body workout , upper body workout , upper body exercise , upper body workout equipment , upper body workout equipment , upper body exercise , upper body exercise equipment",1260306
xaS2PGsEFdY,My 10 minute booty workout ft my fabletics capsule | Madelaine Petsch,628,"madelaine , , madelaine , , cheryl , blossom , , cheryl blossom , riverdale",1050241
ESOSQQqQCs8,4K Home Workout Routine Ïô∏Íµ≠Ïó¨Ïûê ÌôàÌä∏ ÏöîÍ∞Ä,348,", , , , workout",995075
oaOMrEJ1a_4,üëÄ NO BRA WORKOUTüíã  at the Gym #1 üí¶   Transparent blouse,84,", , braless , , bra , bra , , , , , bikini , , , tik tok bra , bra public , transparente blouse , braless public",933577
ULeVe1ywN2E,I'M GOING TO THE NFL AFTER THIS.. (NFL KICKING WORKOUT),663,"db wr 1 1 , , football , nfl , wide receiver , good catch , good football catch , destroy , 1 1 , expose , highschool football , 7 7 , one hand catch , nfl highlight , football highlight , highlight , donald haye highlight , antonio brown , dockery , xfl highlight , friday night light , chance high , donald haye , kicker , football vine , trash talk , hood , 1 rank , nfl playoff , 8th grade , tournament , nfl kicker",818871
kIfheVmEhnA,Eating The James Harden Diet & Workout For 24 Hours!,1789,"james harden , james harden diet workout , eat jame harden , health fitness , basketball workout , basketball arena game , basketball diet , funny video clean , entertainment , nba diet , james harden diet , , eat video , work , nba player , nba star , food challenge , athlete diet , weight loss motivation , lose weight , build muscle , bodybuilding , fitness , hooping , james harden weight , james harden highlight ,",704792
Hto4-jGe4EE,15 MIN DUA LIPA DANCE PARTY WORKOUT - Full Body/No Equipment,992,"dua lipa , dua lipa workout , dua lipa dance , dua lipa , dance fitness , dance cardio , dance cardio workout , future nostalgia , electricity dua lipa , physical dua lipa , break heart dua lipa , levitate dua lipa , dua lipa dance party , hallucinate dua lipa , dance workout , body workout , body dance workout , 15 min dance workout , 15 min dance party , dance party , dua lipa , 15 min dance cardio , levitate workout , dance workout body",663911
dA84_gs8BzI,"Morning Routine!! ft. Blake Sleepover, Workout, Wardrobe & More",538,"amelie , amelie , clothing , style , vlog , healthy , workout , ab workout , cardio workout , small waist , small waist workout , , sway house , blake gray , blake amelie , noah dixie , bryce addison , , , noah beck , dixie , addison rae , tik tok , style haul , haul , morning routine , routine , everyday , college",569522
d6EiKNjASpI,HIP DIP WORKOUT | 15 MINUTES üçë,970,"daisy keech , daisy keech haul , daisy keech , daisy keech youtube , haul , instagram model , daisy keech hype house , daisy keech clubhouse , daisy keech bubble workout , daisy keech workout , workout , hip dip workout , hip dip , grow booty , booty workout , workout challenge , booty challenge , booty exercise , remove hip dip , booty , booty workout , hip dip workout , rid hip dip , hip dip , hip dip",563079
w81CAok4NtY,"[Dance Workout] Aya Nakamura - Copines | MYLEE Cardio Dance Workout, Dance Fitness",202,"aya nakamura copine , aya nakamura , copine , cardio , dance , cardio dance , dance fitness , cardio dance fitness , dance workout , cardio dance workout , diet , dance diet , diet dance , zumba , zumba dance , training , , dance , club dance , dance workout , choreography , choreo , dance tutorial , dance practice , dance exercise , , , , , , , , , , , , , , , , , , ,",494261
TuS9q72CuZQ,Leading My Boyfriend On While Working Out...,1074,"lead boyfriend work , lead boyfriend prank , prank boyfriend , lead boyfriend react , lead girlfriend prank , lead girlfriend react , lead boyfriend reaction , lead boyfriend drive react , lead boyfriend drive , lead prank , lead , lead boyfriend prank , prank wrong , lead boyfriend work",459478
z3Bzuz-CGcM,GETTING MY GAINS BACK | SHOULDERS & CHEST WORKOUT,640,"olympia , classic physique , bodybuilding , , chris , day eating , diet , meal prep , food , posing , physique update , leg day , quad , physique , update , back workout , training , lat , trap , thick back , build wide back , , olympia , classic physique , bodybuilding , fitness , vacuum pose , , advice , gain , shred , lean , lose body fat , arm day , bicep , triceps , bench press , vlog , chest day",443499
YE8SqWkrzYs,James Harden Shows love to LeBron James at Lakers Workout,348,"laker , laker brooklyn , laker workout , james harden workout , james harden , lebron jame , lebron james workout , lebron , lebron james laker , james harden brooklyn net , brooklyn net workout",439097
9gCm1GIVgSs,HOT Fitness Models Intense Home Gym Workout! Part 2,482,"fat loss , reduce cellulite , good exercise , toning , workout woman , female fitness model , bikini model , big butt , rounder butt , workout , upper body workout , workout , dumbbell workout , woman workout motivation , female fitness motivation , fit leg , thigh leg",429974
GyjbLNvy2Dk,OUR CRAZY WORKOUT SESSIONüî• | New Era of Aestheticsüòç,615,"yash anand , fit mind , singha , saket , rai , indian bodybuilding , indian blogger , indian vlogger , bodybuilding motivation , fitness motivation",409424
iU8goBbdJWw,THE ULTIMATE FITNESS WORKOUT! | Arron Crascall,485,"aaron , arron vine , arron compilation , ya",431486
nmNCH-Ueq8E,Indoor Fat Burning Walking Workout (Low Impact),1293,", johanna sophia , review , leslie sansone , leslie , walk , leslie 3 mile , leslie 1 mile , leslie 2 mile , walk pound , 3 mile walk , 1 mile walk , leslie 5 mile , leslie 3 mil , walk , walk exercise , walk exercise weight loss , 1 mile walk , walk 1 mile , 1 mile happy walk , walk 3 mile , walk , lesli , walk workout , exercise , walk exercise , walk , indoor walk",401882
